{"cameraMode":{"drawMode":0,"name":"Shaded","section":"Shading Mode"},"sceneLighting":true,"audioPlay":false,"sceneViewState":{"m_AlwaysRefresh":false,"showFog":true,"showSkybox":true,"showFlares":true,"showImageEffects":true,"showParticleSystems":true,"showVisualEffectGraphs":true,"m_FxEnabled":true},"in2DMode":false,"pivot":{"x":-0.06155078858137131,"y":-0.2765861749649048,"z":0.2340313196182251},"rotation":{"x":-0.0005296359304338694,"y":0.992023229598999,"z":-0.12597258388996125,"w":-0.004165226593613625},"size":4.49534797668457,"orthographic":false}