{"cameraMode":{"drawMode":0,"name":"Shaded","section":"Shading Mode"},"sceneLighting":false,"audioPlay":false,"sceneViewState":{"m_AlwaysRefresh":false,"showFog":true,"showSkybox":false,"showFlares":true,"showImageEffects":true,"showParticleSystems":true,"showVisualEffectGraphs":true,"m_FxEnabled":true},"in2DMode":false,"pivot":{"x":-1.7881393432617188e-7,"y":0.7986066341400147,"z":0.004794716835021973},"rotation":{"x":-0.008435682393610478,"y":0.9861491918563843,"z":-0.15692858397960664,"w":-0.0530058816075325},"size":1.1615875959396363,"orthographic":false}